,raspi0,raspi1,raspi2,raspi3,raspi4,raspi5,raspi6,raspi7,raspi8,raspi9
0,0.3377609108159393,0.38140417457305503,0.34535104364326374,0.21062618595825428,0.22960151802656548,0.4174573055028463,0.42314990512333966,0.34535104364326374,0.15180265654648956,0.3377609108159393
5,0.27893738140417457,0.34724857685009486,0.3681214421252372,0.5977229601518027,0.48956356736242884,0.5635673624288425,0.49146110056925996,0.1840607210626186,0.571157495256167,0.3377609108159393
