,raspi0,raspi1,raspi2,raspi3,raspi4,raspi5,raspi6,raspi7,raspi8,raspi9
0,0.3048128342245989,0.6951871657754011,0.6951871657754011,0.6951871657754011,0.6951871657754011,0.6951871657754011,0.6951871657754011,0.6951871657754011,0.6951871657754011,0.6951871657754011
5,0.6951871657754011,0.8342245989304813,0.6951871657754011,0.6951871657754011,0.7272727272727273,0.6951871657754011,0.6951871657754011,0.6951871657754011,0.6951871657754011,0.6951871657754011
