,raspi0,raspi1,raspi2,raspi3,raspi4,raspi5,raspi6,raspi7,raspi8,raspi9
0,0.6261859582542695,0.5920303605313093,0.6394686907020873,0.6280834914611005,0.6925996204933587,0.6223908918406073,0.6527514231499051,0.6204933586337761,0.6242884250474383,0.5863377609108159
5,0.5540796963946869,0.5901328273244781,0.6470588235294118,0.6375711574952562,0.7685009487666035,0.6166982922201139,0.6546489563567363,0.6337760910815939,0.650853889943074,0.5844402277039848
10,0.6242884250474383,0.5920303605313093,0.6546489563567363,0.6489563567362429,0.7628083491461101,0.6129032258064516,0.6584440227703985,0.6375711574952562,0.6261859582542695,0.5825426944971537
15,0.6242884250474383,0.5920303605313093,0.6432637571157496,0.6565464895635673,0.8045540796963947,0.6337760910815939,0.6565464895635673,0.6622390891840607,0.6489563567362429,0.5901328273244781
20,0.6394686907020873,0.5977229601518027,0.6584440227703985,0.713472485768501,0.8007590132827325,0.6432637571157496,0.7286527514231499,0.6546489563567363,0.6546489563567363,0.5920303605313093
25,0.7058823529411765,0.6660341555977229,0.6603415559772297,0.7324478178368121,0.7988614800759013,0.7020872865275142,0.7324478178368121,0.7229601518026565,0.7191650853889943,0.6660341555977229
30,0.7077798861480076,0.6679316888045541,0.7362428842504743,0.7438330170777988,0.7969639468690702,0.7058823529411765,0.7666034155597723,0.7362428842504743,0.7191650853889943,0.7324478178368121
35,0.7817836812144212,0.7438330170777988,0.7988614800759013,0.8064516129032258,0.8007590132827325,0.7893738140417458,0.8064516129032258,0.7969639468690702,0.7988614800759013,0.7362428842504743
