,raspi0,raspi1,raspi2,raspi3,raspi4,raspi5,raspi6,raspi7,raspi8,raspi9
0,0.5232558139534884,0.5232558139534884,0.5232558139534884,0.5232558139534884,0.5232558139534884,0.5232558139534884,0.5232558139534884,0.5232558139534884,0.5232558139534884,0.47674418604651164
5,0.5232558139534884,0.6395348837209303,0.5232558139534884,0.5348837209302325,0.6162790697674418,0.5232558139534884,0.5930232558139535,0.8372093023255814,0.6162790697674418,0.686046511627907
