,raspi0,raspi1,raspi2,raspi3,raspi4,raspi5,raspi6,raspi7,raspi8,raspi9
0,0.6951871657754011,0.6951871657754011,0.6951871657754011,0.6951871657754011,0.6951871657754011,0.6951871657754011,0.6951871657754011,0.6951871657754011,0.6951871657754011,0.6951871657754011
5,0.6951871657754011,0.786096256684492,0.6951871657754011,0.7005347593582888,0.6951871657754011,0.6951871657754011,0.7272727272727273,0.6951871657754011,0.6951871657754011,0.6951871657754011
10,0.7433155080213903,0.8449197860962567,0.6951871657754011,0.7219251336898396,0.946524064171123,0.839572192513369,0.6951871657754011,0.6951871657754011,0.7005347593582888,0.6951871657754011
15,0.6951871657754011,0.839572192513369,0.6951871657754011,0.839572192513369,0.6951871657754011,0.8074866310160428,0.6951871657754011,0.6951871657754011,0.786096256684492,0.8449197860962567
20,0.8288770053475936,0.839572192513369,0.7165775401069518,0.839572192513369,0.7967914438502673,0.839572192513369,0.6951871657754011,0.6951871657754011,0.839572192513369,0.8609625668449198
25,0.8342245989304813,0.839572192513369,0.7379679144385026,0.839572192513369,0.7700534759358288,0.839572192513369,0.7433155080213903,0.6951871657754011,0.839572192513369,0.893048128342246
30,0.8342245989304813,0.839572192513369,0.7433155080213903,0.839572192513369,0.8235294117647058,0.839572192513369,0.7219251336898396,0.7005347593582888,0.839572192513369,0.9090909090909091
