,raspi0,raspi1,raspi2,raspi3,raspi4,raspi5,raspi6,raspi7,raspi8,raspi9
0,0.7893738140417458,0.7381404174573055,0.7552182163187856,0.7817836812144212,0.7817836812144212,0.7741935483870968,0.7836812144212524,0.7722960151802657,0.777988614800759,0.7590132827324478
5,0.777988614800759,0.7495256166982922,0.7836812144212524,0.8045540796963947,0.7685009487666035,0.777988614800759,0.7874762808349146,0.7874762808349146,0.777988614800759,0.7514231499051234
10,0.777988614800759,0.74573055028463,0.7798861480075902,0.7798861480075902,0.7760910815939279,0.7703984819734345,0.7988614800759013,0.777988614800759,0.7950664136622391,0.7590132827324478
15,0.7817836812144212,0.7438330170777988,0.7969639468690702,0.8045540796963947,0.7817836812144212,0.7817836812144212,0.7893738140417458,0.7741935483870968,0.7893738140417458,0.7666034155597723
20,0.7912713472485768,0.74573055028463,0.7950664136622391,0.8064516129032258,0.7969639468690702,0.7969639468690702,0.7836812144212524,0.8083491461100569,0.7836812144212524,0.7590132827324478
25,0.7950664136622391,0.7438330170777988,0.7988614800759013,0.8007590132827325,0.7912713472485768,0.7836812144212524,0.7969639468690702,0.7817836812144212,0.7950664136622391,0.7609108159392789
30,0.7988614800759013,0.7533206831119544,0.8026565464895635,0.7855787476280834,0.7988614800759013,0.7817836812144212,0.793168880455408,0.8102466793168881,0.793168880455408,0.7666034155597723
35,0.8045540796963947,0.7476280834914611,0.7988614800759013,0.8178368121442126,0.7969639468690702,0.7969639468690702,0.8007590132827325,0.7893738140417458,0.8064516129032258,0.7703984819734345
