,raspi0,raspi1,raspi2,raspi3,raspi4,raspi5,raspi6,raspi7,raspi8,raspi9
0,0.0,0.0,0.0,0.0,0.0,0.0,0.0,0.0,0.0,0.0
5,0.0,0.0,0.0,0.0,0.0,0.0,0.0,0.0,0.0,0.0
10,0.0,0.0,0.0,0.0,0.0,0.0,0.0,0.0,0.0,0.0
15,0.1744186046511628,0.1511627906976744,0.13953488372093023,0.18604651162790697,0.11627906976744186,0.1744186046511628,0.1744186046511628,0.13953488372093023,0.18604651162790697,0.10465116279069768
