,raspi0,raspi1,raspi2,raspi3,raspi4,raspi5,raspi6,raspi7,raspi8,raspi9
0,0.43023255813953487,0.43023255813953487,0.4069767441860465,0.43023255813953487,0.4069767441860465,0.43023255813953487,0.4418604651162791,0.4069767441860465,0.4418604651162791,0.4069767441860465
5,0.4883720930232558,0.4883720930232558,0.4883720930232558,0.4883720930232558,0.4883720930232558,0.4883720930232558,0.4883720930232558,0.4883720930232558,0.4883720930232558,0.4883720930232558
