,raspi0,raspi1,raspi2,raspi3,raspi4,raspi5,raspi6,raspi7,raspi8,raspi9
0,0.6951871657754011,0.6951871657754011,0.3048128342245989,0.6951871657754011,0.6844919786096256,0.3048128342245989,0.6951871657754011,0.40106951871657753,0.6951871657754011,0.6951871657754011
