,raspi0,raspi1,raspi2,raspi3,raspi4,raspi5,raspi6,raspi7,raspi8,raspi9
0,0.48007590132827327,0.34535104364326374,0.349146110056926,0.34535104364326374,0.34535104364326374,0.5749525616698292,0.5502846299810247,0.4155597722960152,0.35294117647058826,0.34535104364326374
5,0.5787476280834914,0.34535104364326374,0.34535104364326374,0.40227703984819735,0.3605313092979127,0.5559772296015181,0.5958254269449715,0.5806451612903226,0.49146110056925996,0.34535104364326374
10,0.5787476280834914,0.34535104364326374,0.5692599620493358,0.49146110056925996,0.36242884250474383,0.5370018975332068,0.5502846299810247,0.5825426944971537,0.5502846299810247,0.5009487666034156
15,0.5844402277039848,0.34724857685009486,0.5294117647058824,0.5616698292220114,0.5028462998102466,0.5502846299810247,0.571157495256167,0.5635673624288425,0.5863377609108159,0.5768500948766604
20,0.5882352941176471,0.34724857685009486,0.5863377609108159,0.5104364326375711,0.5806451612903226,0.571157495256167,0.6053130929791272,0.5844402277039848,0.5882352941176471,0.5768500948766604
25,0.5635673624288425,0.47438330170777987,0.5901328273244781,0.5996204933586338,0.5901328273244781,0.5844402277039848,0.6280834914611005,0.5882352941176471,0.5882352941176471,0.5882352941176471
