,raspi0,raspi1,raspi2,raspi3,raspi4,raspi5,raspi6,raspi7,raspi8,raspi9
0,0.34724857685009486,0.34535104364326374,0.349146110056926,0.34535104364326374,0.34535104364326374,0.349146110056926,0.5275142314990512,0.34535104364326374,0.34535104364326374,0.34535104364326374
5,0.34535104364326374,0.34535104364326374,0.34535104364326374,0.34535104364326374,0.34535104364326374,0.34535104364326374,0.36432637571157495,0.34535104364326374,0.34535104364326374,0.34535104364326374
10,0.34535104364326374,0.34535104364326374,0.34535104364326374,0.34535104364326374,0.34535104364326374,0.34535104364326374,0.36622390891840606,0.34535104364326374,0.34535104364326374,0.34535104364326374
15,0.34535104364326374,0.34535104364326374,0.3510436432637571,0.34535104364326374,0.34535104364326374,0.3567362428842505,0.6223908918406073,0.34535104364326374,0.34535104364326374,0.34535104364326374
20,0.3719165085388994,0.34535104364326374,0.349146110056926,0.34535104364326374,0.34535104364326374,0.5692599620493358,0.6148007590132827,0.43453510436432635,0.34535104364326374,0.34535104364326374
