,raspi0,raspi1,raspi2,raspi3,raspi4,raspi5,raspi6,raspi7,raspi8,raspi9
0,0.3757115749525617,0.34535104364326374,0.34535104364326374,0.34724857685009486,0.5180265654648957,0.43263757115749524,0.5863377609108159,0.34724857685009486,0.3946869070208729,0.34724857685009486
5,0.4269449715370019,0.34535104364326374,0.34535104364326374,0.3719165085388994,0.6299810246679317,0.5768500948766604,0.5977229601518027,0.41366223908918404,0.40037950664136623,0.571157495256167
10,0.4364326375711575,0.34535104364326374,0.349146110056926,0.40417457305502846,0.6584440227703985,0.5768500948766604,0.5958254269449715,0.45161290322580644,0.45161290322580644,0.5768500948766604
15,0.5426944971537002,0.34535104364326374,0.4307400379506641,0.4364326375711575,0.6850094876660342,0.5806451612903226,0.6072106261859582,0.5692599620493358,0.5863377609108159,0.5806451612903226
20,0.5825426944971537,0.4174573055028463,0.4364326375711575,0.4497153700189753,0.7020872865275142,0.5901328273244781,0.6223908918406073,0.5863377609108159,0.5939278937381404,0.5901328273244781
25,0.6015180265654649,0.42314990512333966,0.4838709677419355,0.5787476280834914,0.7172675521821632,0.5863377609108159,0.6261859582542695,0.5806451612903226,0.5996204933586338,0.5939278937381404
