,raspi0,raspi1,raspi2,raspi3,raspi4,raspi5,raspi6,raspi7,raspi8,raspi9
0,0.5232558139534884,0.5232558139534884,0.5232558139534884,0.5232558139534884,0.47674418604651164,0.5232558139534884,0.5232558139534884,0.5232558139534884,0.5232558139534884,0.47674418604651164
5,0.627906976744186,0.5232558139534884,0.5232558139534884,0.7674418604651163,0.9651162790697675,0.8953488372093024,0.5232558139534884,0.8255813953488372,0.9186046511627907,0.47674418604651164
10,0.9534883720930233,0.9651162790697675,0.7906976744186046,0.9186046511627907,0.8488372093023255,1.0,0.9069767441860465,0.813953488372093,1.0,0.7325581395348837
15,0.9767441860465116,0.9534883720930233,0.7906976744186046,1.0,0.9534883720930233,0.9883720930232558,0.9418604651162791,0.6976744186046512,1.0,0.6976744186046512
20,0.9767441860465116,0.9534883720930233,0.7906976744186046,1.0,0.9767441860465116,0.9767441860465116,0.9418604651162791,0.8023255813953488,0.9767441860465116,0.9883720930232558
25,0.9767441860465116,0.9418604651162791,0.8372093023255814,1.0,0.9767441860465116,0.9534883720930233,0.9418604651162791,0.7906976744186046,0.9767441860465116,1.0
30,0.9767441860465116,0.9418604651162791,0.8488372093023255,1.0,0.9767441860465116,0.9534883720930233,0.9418604651162791,0.7906976744186046,0.9534883720930233,1.0
