,raspi0,raspi1,raspi2,raspi3,raspi4,raspi5,raspi6,raspi7,raspi8,raspi9
0,0.011627906976744186,0.011627906976744186,0.011627906976744186,0.011627906976744186,0.011627906976744186,0.011627906976744186,0.011627906976744186,0.011627906976744186,0.011627906976744186,0.011627906976744186
5,0.03488372093023256,0.03488372093023256,0.03488372093023256,0.03488372093023256,0.03488372093023256,0.03488372093023256,0.03488372093023256,0.03488372093023256,0.03488372093023256,0.03488372093023256
