,raspi0,raspi1,raspi2,raspi3,raspi4,raspi5,raspi6,raspi7,raspi8,raspi9
0,0.046511627906976744,0.046511627906976744,0.046511627906976744,0.046511627906976744,0.03488372093023256,0.046511627906976744,0.046511627906976744,0.03488372093023256,0.046511627906976744,0.03488372093023256
5,0.13953488372093023,0.13953488372093023,0.13953488372093023,0.13953488372093023,0.13953488372093023,0.13953488372093023,0.13953488372093023,0.13953488372093023,0.13953488372093023,0.13953488372093023
